{"iterations": 1052, "learning_rate": 0.05692392517898458, "depth": 7, "l2_leaf_reg": 7, "bagging_temperature": 1.0294010757678336, "random_strength": 4, "min_data_in_leaf": 45}